username,user_id,access_hash,name
1,Tuan Anh,1111,2,Viet Nam
6,William,5532,1,UAE
havinhnghi624,5122819872,-3194962839251127779,EARN $1000 NAGA KINGDOM
CyrKounoudji,548045675,-5602110676301968662,EARN $1000 NAGA KINGDOM
anolymos,1670698870,-4947324637282701085,EARN $1000 NAGA KINGDOM
joinhide11_bot,1956022100,2377220159676048609,EARN $1000 NAGA KINGDOM
ProtectronBot,696267355,2036592925125558059,EARN $1000 NAGA KINGDOM
daohainhu36,5014810688,-6384270125686680830,EARN $1000 NAGA KINGDOM
NagaKingdom_game,2102002909,-1882507350314533000,EARN $1000 NAGA KINGDOM
lyhaitrang408,5294461043,4189399076091035104,EARN $1000 NAGA KINGDOM
trinhphuongkhanh30,5287685921,1682593592674699075,EARN $1000 NAGA KINGDOM
doanhquoc706,5239502079,-3696804700790168720,EARN $1000 NAGA KINGDOM
buidieuthuy646,5204163657,-1332710142072568295,EARN $1000 NAGA KINGDOM
levinhtuan694,5187654715,-1445407589224800497,EARN $1000 NAGA KINGDOM
hoangantrung378,5231125568,3171530026703698522,EARN $1000 NAGA KINGDOM
buiquocnhan484,5282353124,5329295488321014992,EARN $1000 NAGA KINGDOM
hoangbinhnhu949,5102167005,-6600511420110225859,EARN $1000 NAGA KINGDOM
Daohuynguyen,995628034,6066234676770664637,EARN $1000 NAGA KINGDOM
lyhonghuong836,5132074654,-2565297265091683945,EARN $1000 NAGA KINGDOM
haphuongviet18,5123324544,8787392764812052204,EARN $1000 NAGA KINGDOM
dinhhuyena,5090532675,-8123234564511873324,EARN $1000 NAGA KINGDOM
huynhthuychau620,5225835097,6412435642725992477,EARN $1000 NAGA KINGDOM
dinhkhanhngan896,5232071402,-6972017645771012720,EARN $1000 NAGA KINGDOM
hakhanhha560,5149006054,7464500649700740013,EARN $1000 NAGA KINGDOM
lethaosuong106,5138491964,824486007750090321,EARN $1000 NAGA KINGDOM
phankhanhbach953,5129826890,5081025168249570021,EARN $1000 NAGA KINGDOM
tranvinhhanh976,5133022121,4032371741196630357,EARN $1000 NAGA KINGDOM
truonghongyen637,5188586018,-5938002796580790307,EARN $1000 NAGA KINGDOM
trinhthuthu819,5181645620,-1980575746736494650,EARN $1000 NAGA KINGDOM
vuongthinga840,5148684025,-6959339076574078074,EARN $1000 NAGA KINGDOM
huynhphuongduc769,5192945224,5882628290518229630,EARN $1000 NAGA KINGDOM
doantrongthinh286,5274141264,4767994415285993419,EARN $1000 NAGA KINGDOM
phanminhthanh861,5103136295,-7522769738528138906,EARN $1000 NAGA KINGDOM
hoangducthanh474,5221296736,-1841638813289456097,EARN $1000 NAGA KINGDOM
hochikhai533,5292335559,-1347525230497928371,EARN $1000 NAGA KINGDOM
phamthienxuan706,5245715855,-8469520311001590931,EARN $1000 NAGA KINGDOM
phanphuongdiep543,5162701745,932228501270668968,EARN $1000 NAGA KINGDOM
dinhthuyan768,5133822055,98826853227234205,EARN $1000 NAGA KINGDOM
dohongnhien70,5155331880,7805055822202367625,EARN $1000 NAGA KINGDOM
vuthinhphong151,5286416263,7567130191034606804,EARN $1000 NAGA KINGDOM
nguyennhuanh85,2016952174,-8134840822523095894,EARN $1000 NAGA KINGDOM
truongbinhduy795,5205361094,-4862155342903792051,EARN $1000 NAGA KINGDOM
dinhphuongtam265,5288251536,4721083175076336320,EARN $1000 NAGA KINGDOM
lamgiaquyen713,5137925378,1317275829803120913,EARN $1000 NAGA KINGDOM
vuphuonghai368,5220659320,6169214610793018466,EARN $1000 NAGA KINGDOM
mactrungngoc330,5142798038,5381996675185196334,EARN $1000 NAGA KINGDOM
doanthuynhu824,5253748591,-2542657259656644590,EARN $1000 NAGA KINGDOM
trinhlienvan295,5183130504,-549668073508334227,EARN $1000 NAGA KINGDOM
chaudieuloan256,5288430357,8411382901351137885,EARN $1000 NAGA KINGDOM
tranminhchi685,5270870399,-2241992773237200744,EARN $1000 NAGA KINGDOM
vominhkhanh758,5267296913,-2121331564492210946,EARN $1000 NAGA KINGDOM
buikimnhu255,5234097693,-3179496651176020588,EARN $1000 NAGA KINGDOM
tranquocvinh123,5220682892,2899423221964576165,EARN $1000 NAGA KINGDOM
dogiangoc494,5181103187,4230262364223501032,EARN $1000 NAGA KINGDOM
mackhanhchau853,5172125497,-1220006368726349184,EARN $1000 NAGA KINGDOM
chungvietlam624,5169173210,4793664132049242336,EARN $1000 NAGA KINGDOM
dangchitrung660,5159833943,2808427320073854822,EARN $1000 NAGA KINGDOM
vuonggiadiep735,5149587176,-9075442054390116410,EARN $1000 NAGA KINGDOM
truongxuandoan862,5133252127,872409773502537337,EARN $1000 NAGA KINGDOM
trinhbaodung822,5126689978,-8013484518305810778,EARN $1000 NAGA KINGDOM
macnhuquynh769,5115292194,-2074707768035224022,EARN $1000 NAGA KINGDOM
truongthanhloc564,5085578191,-4034666776535490728,EARN $1000 NAGA KINGDOM
buihaigiang256,5299489018,5037111083283353646,EARN $1000 NAGA KINGDOM
lamanhtuan248,5279418943,4331169329294807487,EARN $1000 NAGA KINGDOM
phanthaogiang814,5278700723,-4438212912580496641,EARN $1000 NAGA KINGDOM
lamthanhloc379,5221529131,-2198715854667534406,EARN $1000 NAGA KINGDOM
buikhanhduc564,5220205364,4493875389043131319,EARN $1000 NAGA KINGDOM
dinhhaihanh916,5214673209,3718634607511372288,EARN $1000 NAGA KINGDOM
chaunhumi21,5214124346,2479801647894410308,EARN $1000 NAGA KINGDOM
vophuonganh242,5198840200,-3141148655421684508,EARN $1000 NAGA KINGDOM
ngonhaloan259,5194044274,-8319394504574265527,EARN $1000 NAGA KINGDOM
hoanggiathinh127,5182901197,191174163909466008,EARN $1000 NAGA KINGDOM
vuyennhung890,5179821819,7303319556624783928,EARN $1000 NAGA KINGDOM
dinhquangduc520,5169360126,1803423057518361558,EARN $1000 NAGA KINGDOM
doanthaoxuan109,5167452583,5285872788282739711,EARN $1000 NAGA KINGDOM
dinhkhanhnhan967,5165754291,-7045207806669079583,EARN $1000 NAGA KINGDOM
voquangngoc875,5160969067,-4740238596322613175,EARN $1000 NAGA KINGDOM
ngophuongquang141,5155633830,-7151993438620758783,EARN $1000 NAGA KINGDOM
phanhuykien641,5125267666,-3788165154890410196,EARN $1000 NAGA KINGDOM
dothanhnhan948,5107864229,8279794006882673245,EARN $1000 NAGA KINGDOM
lyminhhuong760,5255203320,-4517537112150333591,EARN $1000 NAGA KINGDOM
huynhphuonglinh781,5229493025,6475522713872239571,EARN $1000 NAGA KINGDOM
buinhaxuan110,5190491734,7588128430006297570,EARN $1000 NAGA KINGDOM
chauxuanngan180,5163032474,-2230750108096862407,EARN $1000 NAGA KINGDOM
hosykhang505,5162226314,-3877129334061138392,EARN $1000 NAGA KINGDOM
lamthiha564,5143741454,-2889482625529768038,EARN $1000 NAGA KINGDOM
hoangthientra411,5137767882,-4473731522196370693,EARN $1000 NAGA KINGDOM
dinhquangthanh830,5136662243,1913852171737831673,EARN $1000 NAGA KINGDOM
duongthienngan344,5131121859,-883798049316128528,EARN $1000 NAGA KINGDOM
havandiep431,5110372296,4487093707967842361,EARN $1000 NAGA KINGDOM
chungmaithu333,5095413409,-2617349407400141918,EARN $1000 NAGA KINGDOM
trinhkimminh647,5235374776,-7797195737256781853,EARN $1000 NAGA KINGDOM
buibinhthao563,5123626279,6260631505792799283,EARN $1000 NAGA KINGDOM
dinhquangan982,5238204102,8253524443177214177,EARN $1000 NAGA KINGDOM
dangthienthanh651,5179328715,5460864258036034510,EARN $1000 NAGA KINGDOM
truonghaivy584,5189559259,2834922403946301228,EARN $1000 NAGA KINGDOM
duongnghiatam685,5128057512,6356943523125708229,EARN $1000 NAGA KINGDOM
vohuyloc256,5279705766,5493970019131487007,EARN $1000 NAGA KINGDOM
vogiabich294,5152509622,-3039399766511468341,EARN $1000 NAGA KINGDOM
truonganduy961,5259819027,6869487384200742617,EARN $1000 NAGA KINGDOM
vuhuuson424,5230564899,-3950557312283860747,EARN $1000 NAGA KINGDOM
vuvinhngoc812,5245605124,-1771672607937851293,EARN $1000 NAGA KINGDOM
lycamdiep467,5196039582,7705573813938922831,EARN $1000 NAGA KINGDOM
doanvietthanh602,5059339217,2686708339478525078,EARN $1000 NAGA KINGDOM
lenhaquyen676,5185045263,3255243318500586832,EARN $1000 NAGA KINGDOM
lamkhanhhung102,5246211288,338023482222238306,EARN $1000 NAGA KINGDOM
vukimhanh617,5284830375,-276372206150085543,EARN $1000 NAGA KINGDOM
buidieunhung358,5171104583,7840182834525452093,EARN $1000 NAGA KINGDOM
vuongthuymy54,5299463220,-1132175076107123203,EARN $1000 NAGA KINGDOM
dinhbinhkhue741,5129751560,8620513626264259709,EARN $1000 NAGA KINGDOM
adanvel,5277801886,6450264069972813230,EARN $1000 NAGA KINGDOM
